miR.family,baseMean,peak.number
let-7-5p/miR-98-5p,16465.71016,779
miR-15-5p/16-5p/195-5p/322-5p/497-5p,5286.547861,473
miR-29-3p,1411.369229,463
miR-200-3p/429-3p,35895.61587,431
miR-17-5p/20-5p/93-5p/106-5p,18199.01411,425
miR-24-3p,7751.385319,385
miR-194-5p,13128.90622,353
miR-27-3p,22120.07828,295
miR-103-3p/107-3p,1069.127261,258
miR-196-5p,17166.17288,258